,Country.Region,Climatezone,Climateclass,Zonecharacter,meanjantemp2017
1,Afghanistan,Dsb,Class D - Continental (Microthermal) Climates,Humid Continental Climate - Dry Cool Summer,"0,4"
2,Albania,Csa,Class C - Temperate (Mesothermal) Climates,Hot-Summer Mediterranean Climate,"-0,2"
3,Algeria,BWh,Class B - Dry (Arid and Semiarid) Climates,Hot Desert Climate,"11,6"
4,Andorra,Cfb,Class C - Temperate (Mesothermal) Climates,Temperate Oceanic Climate,"-0,3"
5,Argentina,Bsk,Class B - Dry (Arid and Semiarid) Climates,Cold Semi-Arid Climate,"22,5"
6,Armenia,Dfb,Class D - Continental (Microthermal) Climates,"Humid Continental Mild Summer, Wet All Year","-8,1"
7,Australia,BWh,Class B - Dry (Arid and Semiarid) Climates,Hot Desert Climate,"28,4"
8,Austria,Cfb,Class C - Temperate (Mesothermal) Climates,Temperate Oceanic Climate,"-5,9"
9,Azerbaijan,Bsk,Class B - Dry (Arid and Semiarid) Climates,Cold Semi-Arid Climate,"-0,7"
10,Bahrain,BWh,Class B - Dry (Arid and Semiarid) Climates,Hot Desert Climate,"17,5"
11,Bangladesh,Aw,Class A - Tropical Climates,Tropical Savanna (Wet and Dry Climate),"18,5"
12,Belarus,Dfb,Class D - Continental (Microthermal) Climates,"Humid Continental Mild Summer, Wet All Year","-5,9"
13,Belgium,Cfb,Class C - Temperate (Mesothermal) Climates,Temperate Oceanic Climate,"2,6"
14,Bosnia and Herzegovina,Cfb,Class C - Temperate (Mesothermal) Climates,Temperate Oceanic Climate,"-3,6"
15,Brazil,Aw,Class A - Tropical Climates,Tropical Savanna (Wet and Dry Climate),"26,4"
16,Brunei,Af,Class A - Tropical Climates,Tropical Rainforest,"27,4"
17,Bulgaria,Csc,Class C - Temperate (Mesothermal) Climates,Cold-summer Mediterranean climate,"-3,9"
18,Burkina Faso,Bsh,Class B - Dry (Arid and Semiarid) Climates,Hot Semi-Arid Climate,"25,4"
19,Cambodia,Aw,Class A - Tropical Climates,Tropical Savanna (Wet and Dry Climate),"26,5"
20,Cameroon,Aw,Class A - Tropical Climates,Tropical Savanna (Wet and Dry Climate),"25,1"
21,Canada,Dfc,Class D - Continental (Microthermal) Climates,Subarctic With Cool Summers And Year Around Rainfall,"-19,1"
22,Chile,Bwk,Class B - Dry (Arid and Semiarid) Climates,Cold Desert Climate,"13,7"
23,China,Cfa,Class C - Temperate (Mesothermal) Climates,Humid Subtropical Climate,"-5,4"
24,Colombia,Am,Class A - Tropical Climates,Tropical Monsoon,"24,8"
25,Congo (Kinshasa),Af,Class A - Tropical Climates,Tropical Rainforest,"25,6"
26,Costa Rica,Af,Class A - Tropical Climates,Tropical Rainforest,"24,8"
27,Croatia,Csa,Class C - Temperate (Mesothermal) Climates,Hot-Summer Mediterranean Climate,"-1,6"
28,Cruise Ship,,,,"Ez mi a faszom, valami hajó???"
29,Cuba,Aw,Class A - Tropical Climates,Tropical Savanna (Wet and Dry Climate),"23,9"
30,Cyprus,Csb,Class C - Temperate (Mesothermal) Climates,Warm-Summer Mediterranean Climate,"8,7"
31,Czechia,Cfb,Class C - Temperate (Mesothermal) Climates,Temperate Oceanic Climate,-5
32,Denmark,Cfb,Class C - Temperate (Mesothermal) Climates,Temperate Oceanic Climate,"0,2"
33,Dominican Republic,Af,Class A - Tropical Climates,Tropical Rainforest,"22,9"
34,Ecuador,Aw,Class A - Tropical Climates,Tropical Savanna (Wet and Dry Climate),"22,9"
35,Egypt,BWh,Class B - Dry (Arid and Semiarid) Climates,Hot Desert Climate,"13,4"
36,Estonia,Dfb,Class D - Continental (Microthermal) Climates,"Humid Continental Mild Summer, Wet All Year","-3,3"
37,Finland,Dfc,Class D - Continental (Microthermal) Climates,Subarctic With Cool Summers And Year Around Rainfall,"-7,3"
38,France,Cfb,Class C - Temperate (Mesothermal) Climates,Temperate Oceanic Climate,"2,5"
39,Georgia,Csc,Class C - Temperate (Mesothermal) Climates,Cold-summer Mediterranean climate,"-7,5"
40,Germany,Cfb,Class C - Temperate (Mesothermal) Climates,Temperate Oceanic Climate,"-1,3"
41,Greece,Csa,Class C - Temperate (Mesothermal) Climates,Hot-Summer Mediterranean Climate,"4,9"
42,Honduras,Am,Class A - Tropical Climates,Tropical Monsoon,"22,5"
43,Hungary,Cfb,Class C - Temperate (Mesothermal) Climates,Temperate Oceanic Climate,"-5,4"
44,Iceland,ET,,Tundra Climate,"-0,9"
45,India,Aw,Class A - Tropical Climates,Tropical Savanna (Wet and Dry Climate),"17,3"
46,Indonesia,Af,Class A - Tropical Climates,Tropical Rainforest,"26,4"
47,Iran,BWh,Class B - Dry (Arid and Semiarid) Climates,Hot Desert Climate,"5,8"
48,Iraq,BWh,Class B - Dry (Arid and Semiarid) Climates,Hot Desert Climate,"8,4"
49,Ireland,Cfb,Class C - Temperate (Mesothermal) Climates,Temperate Oceanic Climate,"6,1"
50,Israel,Csa,Class C - Temperate (Mesothermal) Climates,Hot-Summer Mediterranean Climate,"11,3"
51,Italy,Csa,Class C - Temperate (Mesothermal) Climates,Hot-Summer Mediterranean Climate,"4,3"
52,Japan,Cfa,Class C - Temperate (Mesothermal) Climates,Humid Subtropical Climate,"0,8"
53,Jordan,BWh,Class B - Dry (Arid and Semiarid) Climates,Hot Desert Climate,"8,2"
54,Kazakhstan,Dfb,Class D - Continental (Microthermal) Climates,"Humid Continental Mild Summer, Wet All Year","-8,8"
55,Kuwait,BWh,Class B - Dry (Arid and Semiarid) Climates,Hot Desert Climate,"14,4"
56,Latvia,Cfb,Class C - Temperate (Mesothermal) Climates,Temperate Oceanic Climate,"-3,7"
57,Lebanon,Csa,Class C - Temperate (Mesothermal) Climates,Hot-Summer Mediterranean Climate,"7,1"
58,Liechtenstein,Cfb,Class C - Temperate (Mesothermal) Climates,Temperate Oceanic Climate,"-4,5"
59,Lithuania,Dfb,Class D - Continental (Microthermal) Climates,"Humid Continental Mild Summer, Wet All Year","-4,2"
60,Luxembourg,Cfb,Class C - Temperate (Mesothermal) Climates,Temperate Oceanic Climate,"0,1"
61,Malaysia,Af,Class A - Tropical Climates,Tropical Rainforest,"25,9"
62,Malta,Csa,Class C - Temperate (Mesothermal) Climates,Hot-Summer Mediterranean Climate,11
63,Martinique,Af,Class A - Tropical Climates,Tropical Rainforest,"24,7"
64,Mexico,BWh,Class B - Dry (Arid and Semiarid) Climates,Hot Desert Climate,"17,5"
65,Moldova,Csc,Class C - Temperate (Mesothermal) Climates,Cold-summer Mediterranean climate,"-4,7"
66,Morocco,Csa,Class C - Temperate (Mesothermal) Climates,Hot-Summer Mediterranean Climate,"9,4"
67,Netherlands,Cfb,Class C - Temperate (Mesothermal) Climates,Temperate Oceanic Climate,"3,1"
68,New Zealand,Cfb,Class C - Temperate (Mesothermal) Climates,Temperate Oceanic Climate,"14,3"
69,Nigeria,Aw,Class A - Tropical Climates,Tropical Savanna (Wet and Dry Climate),"25,4"
70,North Macedonia,Csc,Class C - Temperate (Mesothermal) Climates,Cold-summer Mediterranean climate,-4
71,Norway,Dfc,Class D - Continental (Microthermal) Climates,Subarctic With Cool Summers And Year Around Rainfall,"-4,6"
72,Oman,BWh,Class B - Dry (Arid and Semiarid) Climates,Hot Desert Climate,"21,7"
73,Pakistan,BWh,Class B - Dry (Arid and Semiarid) Climates,Hot Desert Climate,"9,5"
74,Panama,Am,Class A - Tropical Climates,Tropical Monsoon,"25,2"
75,Peru,Af,Class A - Tropical Climates,Tropical Rainforest,"21,2"
76,Philippines,Af,Class A - Tropical Climates,Tropical Rainforest,"25,5"
77,Poland,Cfb,Class C - Temperate (Mesothermal) Climates,Temperate Oceanic Climate,"-3,8"
78,Portugal,Csa,Class C - Temperate (Mesothermal) Climates,Hot-Summer Mediterranean Climate,"9,1"
79,Qatar,BWh,Class B - Dry (Arid and Semiarid) Climates,Hot Desert Climate,"18,6"
80,Romania,Csc,Class C - Temperate (Mesothermal) Climates,Cold-summer Mediterranean climate,"-6,2"
81,Russia,Dfb,Class D - Continental (Microthermal) Climates,"Humid Continental Mild Summer, Wet All Year","-22,8"
82,San Marino,Csc,Class C - Temperate (Mesothermal) Climates,Cold-summer Mediterranean climate,"1,5"
83,Saudi Arabia,BWh,Class B - Dry (Arid and Semiarid) Climates,Hot Desert Climate,"16,7"
84,Senegal,BSh,Class B - Dry (Arid and Semiarid) Climates,Hot Semi-Arid Climate,"25,2"
85,Serbia,Csc,Class C - Temperate (Mesothermal) Climates,Cold-summer Mediterranean climate,"-4,8"
86,Singapore,Af,Class A - Tropical Climates,Tropical Rainforest,"26,8"
87,Slovakia,Cfb,Class C - Temperate (Mesothermal) Climates,Temperate Oceanic Climate,"-7,5"
88,Slovenia,Cfb,Class C - Temperate (Mesothermal) Climates,Temperate Oceanic Climate,"-4,3"
89,South Africa,BSk,Class B - Dry (Arid and Semiarid) Climates,Cold Semi-Arid Climate,"23,3"
90,South Korea,Cwa,Class C - Temperate (Mesothermal) Climates,Warm Oceanic Climate / Humid Subtropical Climate,"-0,4"
91,Spain,Csa,Class C - Temperate (Mesothermal) Climates,Hot-Summer Mediterranean Climate,"5,7"
92,Sri Lanka,As,Class A - Tropical Climates,Tropical wet and dry or savanna climate,26
93,Sweden,Dfc,Class D - Continental (Microthermal) Climates,Subarctic With Cool Summers And Year Around Rainfall,-6
94,Switzerland,ET,,Tundra Climate,"-4,6"
95,Taiwan,Csc,Class C - Temperate (Mesothermal) Climates,Cold-summer Mediterranean climate,hiányzó adat
96,Thailand,Aw,Class A - Tropical Climates,Tropical Savanna (Wet and Dry Climate),25
97,Trinidad and Tobago,Am,Class A - Tropical Climates,Tropical Monsoon,"25,1"
98,Tunisia,Csa,Class C - Temperate (Mesothermal) Climates,Hot-Summer Mediterranean Climate,"9,4"
99,Turkey,Csa,Class C - Temperate (Mesothermal) Climates,Hot-Summer Mediterranean Climate,"-1,8"
100,Ukraine,Dfb,Class D - Continental (Microthermal) Climates,"Humid Continental Mild Summer, Wet All Year","-5,3"
101,United Arab Emirates,BWh,Class B - Dry (Arid and Semiarid) Climates,Hot Desert Climate,"19,7"
102,United Kingdom,Cfb,Class C - Temperate (Mesothermal) Climates,Temperate Oceanic Climate,"4,6"
103,Uruguay,Csc,Class C - Temperate (Mesothermal) Climates,Cold-summer Mediterranean climate,"24,1"
104,US,Csc,Class C - Temperate (Mesothermal) Climates,Cold-summer Mediterranean climate,"-1,9"
105,Uzbekistan,BWk,Class B - Dry (Arid and Semiarid) Climates,Cold Desert Climate,"-1,1"
106,Venezuela,Aw,Class A - Tropical Climates,Tropical Savanna (Wet and Dry Climate),"25,2"
107,Vietnam,Aw,Class A - Tropical Climates,Tropical Savanna (Wet and Dry Climate),"21,8"